1,Patrick Mahomes II,QB,25.3,429.4
2,Josh Allen,QB,24.2,412.2
3,Jalen Hurts,QB,25.6,384
4,Austin Ekeler,RB,21.9,372.7
5,Joe Burrow,QB,21.7,369
6,Justin Jefferson,WR,21.7,368.7
7,Christian McCaffrey,RB,21,356.4
8,Tyreek Hill,WR,20.1,341.2
9,Davante Adams,WR,19.7,335.5
10,Josh Jacobs,RB,19.3,328.3
11,Stefon Diggs,WR,18.9,321.2
12,Travis Kelce,TE,18.6,316.3
13,Geno Smith,QB,18.5,314.9
14,Justin Fields,QB,20.5,307
15,Kirk Cousins,QB,18,305.6
16,Trevor Lawrence,QB,17.9,303.6
17,Derrick Henry,RB,18.9,302.8
18,CeeDee Lamb,WR,17.7,301.6
19,A.J. Brown,WR,17.6,299.6
20,Daniel Jones,QB,18.4,294
21,Jared Goff,QB,17.1,291.3
22,Justin Herbert,QB,17.1,291.3
23,Saquon Barkley,RB,17.8,284
24,Nick Chubb,RB,16.6,281.4
25,Tom Brady,QB,16.5,280.7
26,Amon-Ra St. Brown,WR,16.7,267.6
27,Jaylen Waddle,WR,15.2,259.2
28,DeVonta Smith,WR,15,254.6
29,Aaron Rodgers,QB,14.8,251.2
30,Rhamondre Stevenson,RB,14.7,249.1
31,Tony Pollard,RB,15.6,248.8
32,Aaron Jones,RB,14.6,248.6
33,Amari Cooper,WR,14.5,247
34,Lamar Jackson,QB,20.3,243.1
35,Ja'Marr Chase,WR,18.6,242.4
36,Christian Kirk,WR,14.2,241.9
37,Joe Mixon,RB,16,240.7
38,Tua Tagovailoa,QB,18.4,238.9
39,Dalvin Cook,RB,14,237.8
40,Tyler Lockett,WR,14.8,237.3
41,Russell Wilson,QB,15.8,236.8
42,Derek Carr,QB,15.5,233.1
43,Terry McLaurin,WR,13.5,229
44,Brandon Aiyuk,WR,13.4,227.8
45,Leonard Fournette,RB,14.2,227.1
46,DK Metcalf,WR,13.3,226.8
47,Jamaal Williams,RB,13.3,225.9
48,Mike Evans,WR,15,225.4
49,Najee Harris,RB,13.1,223.5
50,Tee Higgins,WR,14.9,223.2
51,Chris Godwin,WR,14.9,222.8
52,Miles Sanders,RB,12.7,216.7
53,Michael Pittman Jr.,WR,13.5,216.5
54,Garrett Wilson,WR,12.7,215.7
55,T.J. Hockenson,TE,12.7,215.4
56,Dak Prescott,QB,17.8,213.6
57,Alvin Kamara,RB,14.1,211.7
58,Kyler Murray,QB,18.9,207.5
59,Marcus Mariota,QB,15.8,205.6
60,Travis Etienne Jr.,RB,12.1,205.1
61,Jerry Jeudy,WR,13.6,204.2
62,Kenneth Walker III,RB,13.5,202.5
63,Cooper Kupp,WR,22.4,201.4
64,George Kittle,TE,13.4,200.5
65,James Conner,RB,15.4,200.2
66,DJ Moore,WR,11.7,199.1
67,Chris Olave,WR,13.2,198.2
68,Zay Jones,WR,12.4,198.1
69,Davis Mills,QB,13.1,196.5
70,Jerick McKinnon,RB,11.5,196.3
71,D'Andre Swift,RB,13.7,191.1
72,Mark Andrews,TE,12.7,190.5
73,New England Patriots,DST,10.9,186
74,Ezekiel Elliott,RB,12.4,185.8
75,JuJu Smith-Schuster,WR,11.6,185.3
76,Andy Dalton,QB,13.1,183.2
77,Mac Jones,QB,12.9,181.1
78,Diontae Johnson,WR,10.6,180.7
79,Jakobi Meyers,WR,12.9,180.3
80,Adam Thielen,WR,10.6,180
81,Drake London,WR,10.5,178.6
82,Devin Singletary,RB,10.5,178.2
83,David Montgomery,RB,11.1,177.7
84,Evan Engram,TE,10.4,176.9
85,Mike Williams,WR,13.6,176.5
86,Curtis Samuel,WR,10.4,176.3
87,Tyler Boyd,WR,10.3,175.5
88,Allen Lazard,WR,11.7,174.8
89,Jacoby Brissett,QB,12.5,174.6
90,Gabe Davis,WR,11.4,171.6
91,Dallas Cowboys,DST,10,170
92,Joshua Palmer,WR,10.6,169.3
93,Jimmy Garoppolo,QB,15.3,168.8
94,Deebo Samuel,WR,13,168.4
95,Raheem Mostert,RB,10.5,168.3
96,Matt Ryan,QB,14,168.3
97,AJ Dillon,RB,9.9,167.6
98,Ryan Tannehill,QB,13.9,167.2
99,Donovan Peoples-Jones,WR,9.8,167.1
100,George Pickens,WR,9.8,166.5
101,Dameon Pierce,RB,12.8,166.4
102,Antonio Gibson,RB,11.1,165.9
103,Christian Watson,WR,11.7,164.1
104,Justin Tucker,K,9.6,164
104,Keenan Allen,WR,16.4,164
106,San Francisco 49ers,DST,9.6,163
107,Daniel Carlson,K,9.5,162
108,Brett Maher,K,9.5,161
109,Tyler Allgeier,RB,10,159.4
109,Courtland Sutton,WR,10.6,159.4
111,Jason Myers,K,9.4,159
112,Kenny Pickett,QB,12.2,158.9
113,Jeff Wilson Jr.,RB,9.9,158.5
114,Marquise Brown,WR,13,156
115,K.J. Osborn,WR,9.2,155.6
116,Cordarrelle Patterson,RB,11.9,154.7
117,Latavius Murray,RB,11,154.2
118,Mack Hollins,WR,9.1,154.2
119,Tyler Higbee,TE,9.5,152
119,Buffalo Bills,DST,8.9,152
119,Younghoe Koo,K,8.9,152
122,DeAndre Hopkins,WR,16.9,151.7
123,Philadelphia Eagles,DST,8.9,151
124,Parris Campbell,WR,8.8,149.1
125,Pat Freiermuth,TE,9.9,148.2
126,Cole Kmet,TE,8.7,147.3
127,Jonathan Taylor,RB,12.2,146.4
128,Nick Folk,K,8.6,146
128,Eddy Pineiro,K,8.6,146
128,Tyler Bass,K,8.6,146
131,Taysom Hill,TE,9.1,145.8
132,Brandin Cooks,WR,11.2,145.6
133,Graham Gano,K,8.5,145
134,Dalton Schultz,TE,9.5,142.7
135,Samaje Perine,RB,8.9,142.1
136,David Njoku,TE,10.1,142
136,Robbie Gould,K,8.4,142
138,Cam Akers,RB,9.4,141.3
139,Dallas Goedert,TE,11.8,141.2
140,Riley Patterson,K,8.2,140
141,Gerald Everett,TE,9.3,139.5
142,Rachaad White,RB,8.2,139.1
143,Jacksonville Jaguars,DST,8.2,139
143,Greg Zuerlein,K,8.2,139
145,Chase McLaughlin,K,8.6,138
146,Dawson Knox,TE,9,135.7
147,Isiah Pacheco,RB,7.9,135
147,Jason Sanders,K,7.9,135
147,Brandon McManus,K,7.9,135
150,Juwan Johnson,TE,8.4,134.8
151,Baltimore Ravens,DST,7.9,134
152,Greg Joseph,K,7.8,133
152,Ryan Succop,K,7.8,133
152,Matt Gay,K,7.8,133
155,Richie James Jr.,WR,8.3,132.5
156,Evan McPherson,K,7.8,132
156,Ka'imi Fairbairn,K,7.8,132
158,Tyler Conklin,TE,7.7,131.5
159,D'Onta Foreman,RB,8.2,131
160,Jahan Dotson,WR,10.9,130.6
161,Baker Mayfield,QB,10.8,129.4
162,Darius Slayton,WR,9.9,128.4
163,Kareem Hunt,RB,7.5,126.8
164,Michael Carter,RB,7.9,126
165,Russell Gage,WR,9.5,123.6
166,Noah Fant,TE,7.2,122.6
167,Marquez Valdes-Scantling,WR,7.2,122.4
168,Jake Elliott,K,7.6,122
169,Taylor Heinicke,QB,13.6,122
170,Carson Wentz,QB,15.2,121.8
171,Kansas City Chiefs,DST,7.1,121
171,Cade York,K,7.1,121
173,Mason Crosby,K,7.1,120
174,Isaiah McKenzie,WR,7.5,119.8
175,Carolina Panthers,DST,6.9,118
175,Michael Badgley,K,9.1,118
175,New York Jets,DST,6.9,118
178,Khalil Herbert,RB,9.1,117.8
179,Green Bay Packers,DST,6.9,117
179,Washington Commanders,DST,6.9,117
179,Seattle Seahawks,DST,6.9,117
182,Marvin Jones Jr.,WR,7.3,116.9
183,Jordan Akins,TE,7.8,116.5
184,Matthew Stafford,QB,12.9,116.4
185,Kalif Raymond,WR,6.8,116.2
186,Devin Duvernay,WR,8.3,116.1
187,Houston Texans,DST,6.8,116
187,Indianapolis Colts,DST,6.8,116
189,Robert Woods,WR,6.8,115.7
190,Zach Ertz,TE,11.6,115.6
191,Breece Hall,RB,16.4,115.1
192,Chris Moore,WR,7.7,115.1
193,Cincinnati Bengals,DST,6.8,115
193,New Orleans Saints,DST,6.8,115
193,Joey Slye,K,6.8,115
196,Noah Brown,WR,7.2,114.5
197,Wil Lutz,K,6.7,114
198,Greg Dortch,WR,7.1,113.1
199,Brian Robinson Jr.,RB,9.4,112.7
200,DeAndre Carter,WR,6.6,112.3
200,Alec Pierce,WR,7,112.3
202,Robert Tonyan,TE,6.6,112
203,Brock Purdy,QB,12.3,110.3
204,Olamide Zaccheaus,WR,6.5,110
205,Hayden Hurst,TE,7.9,109.9
206,James Cook,RB,6.3,107.5
207,Miami Dolphins,DST,6.3,107
207,Cleveland Browns,DST,6.3,107
207,Pittsburgh Steelers,DST,6.3,107
207,New York Giants,DST,6.3,107
211,Los Angeles Chargers,DST,6.2,106
211,Minnesota Vikings,DST,6.2,106
213,Zach Wilson,QB,11.8,105.9
214,Michael Gallup,WR,7.5,105.4
215,Chase Claypool,WR,7,105
216,Kenyan Drake,RB,8.7,104.1
217,Los Angeles Rams,DST,6.1,104
217,Cairo Santos,K,6.5,104
217,Tennessee Titans,DST,6.1,104
220,Hunter Henry,TE,6.5,103.9
220,Josh Reynolds,WR,8.7,103.9
222,Demarcus Robinson,WR,6.5,103.8
223,Arizona Cardinals,DST,6.1,103
223,Tampa Bay Buccaneers,DST,6.1,103
225,DeVante Parker,WR,7.9,102.9
226,Harrison Butker,K,7.8,102
226,Denver Broncos,DST,6,102
228,Romeo Doubs,WR,7.8,101.6
229,Darnell Mooney,WR,9.2,101.5
230,Rashid Shaheed,WR,8.4,100.5
231,Isaiah Hodgins,WR,11.1,100.2
232,Matt Prater,K,7.6,99
233,Clyde Edwards-Helaire,RB,9.8,98.3
234,DJ Chark Jr.,WR,8.9,98.2
235,Mike Gesicki,TE,5.8,98.2
236,Detroit Lions,DST,5.8,98
237,Corey Davis,WR,7.5,97.6
238,Austin Hooper,TE,5.7,97.4
239,Chigoziem Okonkwo,TE,6.1,97.2
240,Nico Collins,WR,9.7,97.1
241,Chris Boswell,K,8.1,97
242,Cameron Dicker,K,8.5,94
243,Mecole Hardman Jr.,WR,11.7,93.8
244,Jaylen Warren,RB,5.8,93.3
245,Cade Otton,TE,5.8,93.1
246,Isaiah Likely,TE,6.5,91.3
247,Damien Harris,RB,8.3,90.9
248,Deshaun Watson,QB,15.1,90.6
249,Marquise Goodwin,WR,6.9,90.2
250,Eno Benjamin,RB,6.9,89.6
251,Sam Darnold,QB,14.9,89.3
252,Atlanta Falcons,DST,5.2,89
253,James Robinson,RB,8.1,88.6
254,Alexander Mattison,RB,5.2,88.4
255,Kendrick Bourne,WR,5.5,88.3
256,Elijah Moore,WR,5.5,88.1
256,Treylon Burks,WR,8,88.1
258,Kenneth Gainwell,RB,5.2,87.9
258,Rondale Moore,WR,11,87.9
260,Chuba Hubbard,RB,6.3,87.7
261,Melvin Gordon III,RB,8.7,87.1
262,Randy Bullock,K,5.4,87
263,Will Dissly,TE,5.8,86.9
264,Greg Dulcich,TE,8.6,86.1
265,Foster Moreau,TE,6.1,85.2
266,Allen Robinson II,WR,8.5,84.9
267,Darren Waller,TE,9.4,84.8
268,Quez Watkins,WR,5,84.5
268,Deon Jackson,RB,7,84.5
270,Ben Skowronek,WR,6,84.3
271,Trent Sherfield,WR,5.2,83.7
272,Terrace Marshall Jr.,WR,6.4,83
273,Nick Westbrook-Ikhine,WR,5.2,82.7
274,Jauan Jennings,WR,5.2,82.6
275,Randall Cobb,WR,6.3,81.7
276,Nyheim Hines,RB,5.1,81.4
277,J.K. Dobbins,RB,10.2,81.2
278,Hunter Renfrow,WR,7.9,79
279,Van Jefferson,WR,7.9,78.9
280,Mitch Trubisky,QB,11.3,78.9
281,Logan Thomas,TE,5.9,77.3
282,Dontrell Hilliard,RB,6.4,77.2
283,Las Vegas Raiders,DST,4.5,77
284,Kyle Pitts,TE,7.6,75.6
285,Nelson Agholor,WR,5,75.2
286,Daniel Bellinger,TE,6.8,75
287,Jelani Woods,TE,6.2,74.2
287,Chase Edmonds,RB,5.7,74.2
289,Darrell Henderson Jr.,RB,7.4,73.5
290,Laviska Shenault Jr.,WR,5.6,72.7
291,Jamal Agnew,WR,4.8,72.3
292,Rex Burkhead,RB,4.8,71.4
293,JaMycal Hasty,RB,5,70.5
294,Julio Jones,WR,7,70.4
295,Noah Gray,TE,4.1,70
295,Matthew Wright,K,11.7,70
297,Colby Parkinson,TE,4.9,69.2
298,Tyquan Thornton,WR,5.5,66.3
299,Dante Pettis,WR,3.8,65.2
300,Joshua Kelley,RB,5.4,64.8
301,Equanimeous St. Brown,WR,4,64.7
302,Zack Moss,RB,5,64.5
303,Brock Wright,TE,4.5,63.6
304,Tutu Atwell,WR,5.3,63.2
304,Trenton Irwin,WR,7,63.2
306,Chicago Bears,DST,3.6,62
307,Harrison Bryant,TE,4.4,61.7
308,A.J. Green,WR,4.7,61.6
308,Shi Smith,WR,3.6,61.6
310,Trey McBride,TE,5.1,61.5
311,Kylen Granson,TE,4.7,61.2
312,Mike White,QB,15.1,60.6
313,Jarvis Landry,WR,6.7,60.2
314,Matt Breida,RB,3.5,59.8
315,Cooper Rush,QB,7.5,59.6
316,Gus Edwards,RB,6.6,59.3
317,Zonovan Knight,RB,8.4,59
318,Justin Watson,WR,3.4,58.5
319,Ray-Ray McCloud III,WR,3.4,58.1
320,Braxton Berrios,WR,3.4,57.7
321,Kadarius Toney,WR,6.4,57.3
322,Kendall Hinton,WR,5.1,56.4
323,C.J. Uzomah,TE,4,56.2
324,J.D. McKissic,RB,6.2,55.8
325,Irv Smith Jr.,TE,6.9,55.2
326,MyCole Pruitt,TE,5.5,55
327,Ameer Abdullah,RB,3.4,54.1
328,Mo Alie-Cox,TE,3.9,53.9
329,Kyle Juszczyk,RB,4.1,53.6
330,Rashod Bateman,WR,8.9,53.5
331,Tyler Huntley,QB,10.6,53
332,Tre'Quan Smith,WR,5.3,52.8
333,Tommy Tremble,TE,3.5,52.4
334,Robbie Chosen,WR,4.4,52.2
335,Rashaad Penny,RB,10.4,52.2
336,Jonnu Smith,TE,4.3,52
337,Damiere Byrd,WR,4.3,51.8
338,Phillip Dorsett II,WR,3.4,51.7
339,Wan'Dale Robinson,WR,8.6,51.6
340,Joe Flacco,QB,10.3,51.3
341,Michael Thomas,WR,17,51.1
342,Justin Jackson,RB,3.4,51.1
343,Mark Ingram II,RB,5,50.1
344,Jameis Winston,QB,16.3,48.9
345,Dare Ogunbowale,RB,3.2,48.7
346,Jake Ferguson,TE,4.4,48.4
347,Brandon Powell,WR,2.8,47.6
348,DeeJay Dallas,RB,3.1,47.2
349,Sammy Watkins,WR,5.2,46.5
350,Boston Scott,RB,3.1,46.2
351,Jarrett Stidham,QB,15.2,45.6
352,David Bell,WR,3,45.4
353,Caleb Huntley,RB,3.7,44.9
354,Adam Trautman,TE,3.4,44.7
355,Elijah Mitchell,RB,8.7,43.6
356,Skyy Moore,WR,2.7,43.4
357,Travis Homer,RB,3.6,43.1
358,Raheem Blackshear,RB,3.3,43
359,Ty Johnson,RB,3.6,42.8
360,Bailey Zappe,QB,10.7,42.6
361,Ashton Dulin,WR,4.3,42.5
362,Scott Miller,WR,3.5,42.3
363,P.J. Walker,QB,7,42.1
364,Teddy Bridgewater,QB,8.4,42
364,Javonte Williams,RB,10.5,42
366,Justice Hill,RB,2.8,42
367,KhaDarel Hodge,WR,3.2,41.2
368,Shane Zylstra,TE,4.6,41
369,Josh Oliver,TE,3.4,40.9
370,Ian Thomas,TE,2.9,40.7
371,Dustin Hopkins,K,8,40
371,Durham Smythe,TE,3.1,40
373,Gardner Minshew II,QB,8,39.8
374,Peyton Hendershot,TE,3.3,39.5
375,Amari Rodgers,WR,2.6,39.1
376,Johnny Mundt,TE,3,39
377,Desmond Ridder,QB,9.7,38.7
378,Sam Ehlinger,QB,9.7,38.6
379,Marlon Mack,RB,4.8,38.3
379,Alec Ingold,RB,3.2,38.3
381,Marquez Callaway,WR,3.8,37.8
382,Cameron Brate,TE,4.2,37.4
383,Mitchell Wilcox,TE,4.1,36.9
384,O.J. Howard,TE,3.3,36.5
385,Zach Pascal,WR,2.4,36
386,Connor Heyward,TE,2.4,35.8
387,Colt McCoy,QB,9,35.8
387,Eric Saubert,TE,2.6,35.8
389,Byron Pringle,WR,3.6,35.5
390,Malik Davis,RB,5.7,34.4
390,Sterling Shepard,WR,11.5,34.4
392,Khalil Shakir,WR,3.4,34.1
393,Velus Jones Jr.,WR,3.1,34
394,Jalen Nailor,WR,4.1,32.9
395,Dyami Brown,WR,3.6,32.8
396,Zach Gentry,TE,2.3,32.2
397,Jordan Mason,RB,2.7,31.8
398,Avery Williams,RB,2,31.5
399,Steven Sims Jr.,WR,2.6,31.4
400,C.J. Ham,RB,2.8,31.3
401,River Cracraft,WR,3.9,31.2
402,John Bates,TE,3.1,30.8
402,Lawrence Cager,WR,5.1,30.8
404,Craig Reynolds,RB,4.4,30.8
405,Kyren Williams,RB,3.8,30.5
406,Teagan Quitoriano,TE,4.3,30.3
407,Keelan Cole Sr.,WR,2.5,30.1
408,Jody Fortson,TE,3,29.8
409,Denzel Mims,WR,3.3,29.6
410,Donald Parham Jr.,TE,4.8,29
411,Gary Brightwell,RB,1.9,29
412,Eric Tomlinson,TE,3.2,28.9
413,Mike Boone,RB,3.6,28.8
413,Brandon Bolden,RB,2.4,28.8
415,James Mitchell,TE,3.5,28.3
416,Darrell Henderson Jr.,RB,2.7,27.2
417,Jalen Reagor,WR,1.6,26.9
418,Brevin Jordan,TE,3,26.8
419,Marcedes Lewis,TE,4.4,26.6
420,Cedrick Wilson Jr.,WR,2,26.4
421,Jonathan Williams,RB,2.9,26.2
422,Hassan Haskins,RB,1.9,26
423,KJ Hamler,WR,3.7,25.8
424,Albert Okwuegbunam,TE,4.3,25.5
425,Sony Michel,RB,2.5,24.9
426,N'Keal Harry,WR,4.1,24.6
427,Josiah Deguara,TE,2.7,24.4
428,DeSean Jackson,WR,3.5,24.3
429,Geoff Swaim,TE,2,23.8
430,Pharaoh Brown,TE,2.6,23.7
431,Breshad Perriman,WR,2.9,23.3
431,Jack Stoll,TE,2.3,23.3
433,Tanner Hudson,TE,3.9,23.2
434,Austin Seibert,K,7.7,23
435,Joshua Dobbs,QB,11.4,22.8
436,Malcolm Brown,RB,3.3,22.8
437,Reggie Gilliam,RB,2.8,22.6
438,Dan Arnold,TE,2,22.5
439,Malik Willis,QB,3.2,22.3
440,Tom Kennedy,WR,3.2,22.1
441,Brett Rypien,QB,5.5,22
441,Tevin Coleman,RB,7.3,22
443,Corey Clement,RB,4.4,21.9
444,David Sills V,WR,3.1,21.6
445,Jeff Smith,WR,3.1,21.4
446,Darrel Williams,RB,4.2,21.1
447,Ko Kieft,TE,1.5,21
448,Davis Webb,QB,20.8,20.8
449,David Blough,QB,10.3,20.6
450,Skylar Thompson,QB,2.9,20.5
451,Quintin Morris,TE,2.3,20.4
452,Derek Watt,RB,1.7,20.2
453,Kenny Golladay,WR,3.4,20.1
454,Patrick Ricard,RB,1.5,20
454,Matt Ammendola,K,5,20
456,Kyle Allen,QB,6.6,19.9
457,Chris Myarick,TE,2,19.5
457,Ross Dwelley,TE,3.9,19.5
459,Sam Howell,QB,19.3,19.3
460,Samori Toure,WR,4.8,19.2
461,T.Y. Hilton,WR,6.4,19.1
462,Anthony Firkser,TE,2.4,19
462,Rodrigo Blankenship,K,6.3,19
464,Royce Freeman,RB,3.8,19
465,Michael Bandy,WR,2.4,18.9
465,Marcus Johnson,WR,2.4,18.9
467,Anthony Schwartz,WR,2.7,18.8
468,Benny Snell Jr.,RB,2.1,18.7
469,Zander Horvath,RB,2.3,18.6
470,Keaontay Ingram,RB,1.6,18.1
471,Giovanni Ricci,TE,1.6,18
472,Parker Hesse,TE,1.5,17.9
473,Brycen Hopkins,TE,2.6,17.9
474,John Wolford,QB,8.9,17.8
475,Bryce Perkins,QB,3.5,17.4
476,Jeff Driskel,QB,2.5,17.2
477,Tre' McKitty,TE,1.3,17.2
478,Cam Sims,WR,1.3,16.9
479,Ronald Jones II,RB,3.2,16.2
480,Dax Milne,WR,1,15.7
481,Jameson Williams,WR,2.5,15.1
482,Taylor Bertolet,K,5,15
483,Phillip Lindsay,RB,4.9,14.8
484,Jordan Wilkins,RB,3.7,14.7
485,Salvon Ahmed,RB,2,14.2
485,Brandon Johnson,WR,2.8,14.2
487,Armani Rogers,TE,1.6,14
488,Dee Eskridge,WR,1.5,13.8
489,Trace McSorley,QB,2.7,13.6
490,Jalen Virgil,WR,1.9,13.5
491,Trey Lance,QB,4.5,13.5
492,James Proche II,WR,1.1,13.2
493,Grant Calcaterra,TE,2.2,13.1
494,Chris Evans,RB,1.3,12.8
495,Nick Mullens,QB,3.2,12.8
496,Tyrod Taylor,QB,4.1,12.3
497,Gunner Olszewski,WR,0.8,12.2
498,Jamison Crowder,WR,3,12
499,Andrew Beck,TE,1.3,11.9
500,Kyle Rudolph,TE,2.4,11.8
501,Kyle Philips,WR,3,11.8
502,Trent Taylor,WR,0.7,11.7
502,Jordan Love,QB,2.9,11.7
504,Nick Vannett,TE,1.6,11.5
504,Kene Nwangwu,RB,0.8,11.5
506,Andre Baccellia,WR,2.3,11.5
507,Freddie Swain,WR,3.8,11.4
508,Kevin Harris,RB,2.2,11.2
508,John Brown,WR,5.6,11.2
510,Trevor Siemian,QB,5.6,11.2
511,Deven Thompkins,WR,2.2,10.8
512,Darrynton Evans,RB,3.6,10.7
513,Jake Kumerow,WR,2.1,10.4
514,Tony Jones Jr.,RB,3.5,10.4
515,Ty Montgomery,RB,10.3,10.3
516,Chris Manhertz,TE,1.3,10.2
516,Ke'Shawn Vaughn,RB,1.1,10.2
516,Snoop Conner,RB,2,10.2
516,Laquon Treadwell,WR,3.4,10.2
520,Caleb Shudak,K,10,10
520,Blake Bell,TE,5,10
520,Tristan Vizcaino,K,3.3,10
520,Ronnie Rivers,RB,5,10
524,Tyrion Davis-Price,RB,2,9.9
525,Tyler Kroft,TE,1.6,9.7
526,Cole Beasley,WR,1.9,9.5
527,Tyler Badie,RB,9.4,9.4
527,Kevin White,WR,1.6,9.4
527,Myles Gaskin,RB,4.7,9.4
530,Nathan Peterman,QB,3.1,9.3
531,David Johnson,RB,2.3,9.1
532,Michael Woods II,WR,1.1,9
532,Chris Streveler,QB,9,9
534,Charlie Kolar,TE,8.9,8.9
535,Mike Strachan,WR,1.5,8.9
536,Chris Conley,WR,2.2,8.6
537,Chase Daniel,QB,2.8,8.5
538,Cody Hollister,WR,1.4,8.4
538,Jalen Guyton,WR,4.2,8.4
538,Isaiah Spiller,RB,1.7,8.4
541,Julius Chestnut,RB,1.4,8.3
542,Luke Farrell,TE,2,8
542,Trayveon Williams,RB,0.9,8
544,Jaret Patterson,RB,3.9,7.8
544,Mike Thomas,WR,1.6,7.8
546,Tyler Mabry,TE,7.7,7.7
547,Anthony Brown,QB,3.8,7.6
548,Spencer Brown,RB,3.7,7.3
548,Tylan Wallace,WR,1.2,7.3
550,Nick Sciba,K,7,7
550,Zamir White,RB,0.6,7
552,Ryan Griffin,TE,0.7,6.6
552,Tyler Davis,TE,0.6,6.6
552,Trevon Wesco,TE,1.1,6.6
552,Stephen Sullivan,TE,0.8,6.6
556,Racey McMath,WR,1.6,6.4
557,Trestan Ebner,RB,0.6,6.2
558,Anthony McFarland Jr.,RB,6.1,6.1
559,Tim Jones,WR,0.9,6
559,Jakob Johnson,RB,0.5,6
559,Dominik Eberle,K,6,6
562,Patrick Taylor Jr.,RB,0.8,5.8
563,Nick Foles,QB,2.9,5.8
564,Stone Smartt,TE,1.9,5.7
565,Ben Ellefson,TE,2.8,5.6
566,Dwayne Washington,RB,0.8,5.5
566,Kendall Blanton,TE,2.8,5.5
568,Simi Fehoko,WR,1.8,5.4
569,D'Ernest Johnson,RB,0.5,5.4
570,Larry Rountree III,RB,1.8,5.3
571,Montrell Washington,WR,0.3,5.2
571,Jonathan Ward,RB,1.3,5.2
573,Blaine Gabbert,QB,5.2,5.2
574,Penny Hart,WR,1.7,5
575,Jesper Horsted,TE,1,4.9
576,Jaelon Darden,WR,0.3,4.8
577,Adam Prentice,RB,0.8,4.8
577,Maxx Williams,TE,1.6,4.8
577,Tyrie Cleveland,WR,1,4.8
580,Giovani Bernard,RB,1.2,4.7
581,Daylen Baldwin,WR,4.5,4.5
581,Bryan Edwards,WR,1.1,4.5
583,Dareke Young,WR,0.6,4.4
583,Dezmon Patmon,WR,4.4,4.4
585,Cole Turner,TE,0.6,4.3
586,Mike Davis,RB,0.8,4.2
587,Andy Isabella,WR,1.1,4.2
588,Cade Johnson,WR,2.1,4.1
588,Pharoh Cooper,WR,0.8,4.1
590,Lil'Jordan Humphrey,WR,1,4
591,Stephen Anderson,TE,0.4,3.9
592,Keith Kirkwood,WR,1.3,3.8
592,Michael Burton,RB,0.3,3.8
594,Dennis Houston,WR,1.8,3.6
595,Quintez Cephus,WR,1.2,3.5
596,Nsimba Webster,WR,3.4,3.4
597,Austin Trammell,WR,1.7,3.3
598,Jalen Tolbert,WR,1.1,3.2
599,Miles Boykin,WR,0.3,3.1
599,Sean McKeon,TE,1,3.1
601,Josh Lambo,K,3,3
602,Danny Gray,WR,0.4,2.9
603,J.J. Taylor,RB,2.7,2.7
603,Juwann Winfree,WR,0.9,2.7
605,Mason Schreck,TE,1.3,2.6
605,DJ Turner,WR,0.4,2.6
607,Frank Darby,WR,2.5,2.5
607,Devin Asiasi,TE,0.5,2.5
609,Demetric Felton Jr.,RB,0.4,2.4
610,Ty Chandler,RB,1,2
610,Keith Smith,RB,0.2,2
612,Trey Sermon,RB,1.9,1.9
612,Damarea Crockett,RB,1.9,1.9
614,Tyron Johnson,WR,0.9,1.8
614,Jeremy Ruckert,TE,0.9,1.8
616,Drew Sample,TE,0.9,1.8
617,Jalen Camp,WR,1.7,1.7
617,Godwin Igwebuike,RB,0.3,1.7
617,Braylon Sanders,WR,0.9,1.7
617,Maurice Alexander,WR,0.6,1.7
617,Devine Ozigbo,RB,0.6,1.7
617,Tommy Sweeney,TE,0.9,1.7
623,C.J. Board,WR,0.4,1.6
623,Jacob Harris,TE,0.5,1.6
625,Jason Moore Jr.,WR,1.5,1.5
625,Ty'Son Williams,RB,1.5,1.5
627,Brian Hoyer,QB,1.5,1.5
628,Richard Rodgers,TE,0.5,1.4
629,Jacob Eason,QB,1.4,1.4
630,Mason Kinsey,WR,0.7,1.3
630,Erik Ezukanma,WR,1.3,1.3
632,Deonte Harty,WR,0.3,1.3
633,Cody White,WR,1.2,1.2
633,Jerome Ford,RB,0.1,1.2
635,Keke Coutee,WR,0.1,1
636,Kyle Trask,QB,0.9,0.9
637,Reggie Bonnafon,RB,0.8,0.8
638,Brandon Allen,QB,0.8,0.8
639,Kylin Hill,RB,0.7,0.7
639,Josh Johnson,QB,0.7,0.7
641,Duke Johnson Jr.,RB,0.4,0.4
641,Ihmir Smith-Marsette,WR,0.1,0.4
643,Case Keenum,QB,0.2,0.3
644,Damien Williams,RB,0.2,0.2
645,Jordan Howard,RB,0.1,0.1
646,Qadree Ollison,RB,0,0
646,Nick Boyle,TE,0,0
646,Jashaun Corbin,RB,0,0
646,Emeka Emezie,WR,0,0
646,Chris Pierce Jr.,TE,0,0
646,Alex Erickson,WR,0,0
646,Alex Bachman,WR,0,0
646,Lance McCutcheon,WR,0,0
646,Trenton Cannon,RB,0,0
646,Bryant Koback,RB,0,0
646,Tay Martin,WR,0,0
646,Kirk Merritt,WR,0,0
646,Nikola Kalinic,TE,0,0
646,James Washington,WR,0,0
646,Matt Corral,QB,0,0
646,Davis Cheek,QB,0,0
646,Austin Allen,TE,0,0
646,Jared Pinkney,TE,0,0
646,Rico Dowdle,RB,0,0
646,Josh Gordon,WR,0,0
646,Tanner Conner,WR,0,0
646,Dan Chisena,WR,0,0
646,Britain Covey,WR,0,0
646,Tanner Gentry,WR,0,0
646,Kevin Rader,TE,0,0
646,Cullen Gillaspia,RB,0,0
646,Brandin Bryant,RB,0,0
646,Feleipe Franks,QB,0,0
646,Quinn Nordin,K,0,0
646,Kenny Yeboah,TE,0,0
646,Malik Turner,WR,0,0
646,Quinton Bell,WR,0,0
646,Matthew Slater,WR,0,0
646,Charlie Woerner,TE,0,0
646,J.P. Holtz,TE,0,0
646,Jake Funk,RB,0,0
646,Kenjon Barner,RB,0,0
646,Raleigh Webb,WR,0,0
646,C.J. Beathard,QB,0,0
646,Khari Blasingame,RB,0,0
646,Hunter Long,TE,0,0
646,Cody Thompson,WR,0,0
646,Miller Forristall,TE,0,0
646,Matt Barkley,QB,0,0
646,John Lovett,RB,0,0
646,James Winchester,TE,0,0
646,Brandon Zylstra,WR,0,0
646,Jermar Jefferson,RB,0,0
646,Tyree Jackson,TE,0,0
646,Brittain Brown,RB,0,0
646,Ben Mason,RB,0,0
646,Stanley Berryhill III,WR,0,0
646,Trinity Benson,WR,0,0
646,Marken Michel,WR,0,0
646,Beau Brinkley,TE,0,0
646,Sandro Platzgummer,RB,0,0
646,Ramiz Ahmed,K,0,0
646,Marcus Kemp,WR,0,0
646,Binjimen Victor,WR,0,0
646,Rashard Higgins,WR,0,0
646,Albert Wilson,WR,0,0
646,Stanley Morgan Jr.,WR,0,0
646,Justyn Ross,WR,0,0
646,Logan Woodside,QB,0,0
646,Justin Hardee,WR,0,0
646,Jake Tonges,TE,0,0
646,Andre Roberts,WR,0,0
646,La'Mical Perine,RB,0,0
646,Noah Togiai,TE,0,0
646,Josh Ali,WR,0,0
646,Odell Beckham Jr.,WR,0,0
717,KaVontae Turpin,WR,0,-0.4
717,Nate Sudfeld,QB,-0.2,-0.4
719,Chad Henne,QB,-0.2,-0.5
720,Tim Boyle,QB,-0.9,-0.9
721,Taiwan Jones,RB,-0.3,-2
721,Chester Rogers,WR,-0.7,-2